<?xml version="1.0" encoding="UTF-8" standalone="yes"?>
<App>
    <service>http://localhost:8080/gobii-dev/</service>
    <server>localhost</server>
    <crop>dev</crop>
    <user>
        <user_id>1</user_id>
        <user_name>jxe12</user_name>
        <user_fullname>Example, Joe</user_fullname>
        <user_email>example@example.com</user_email>
    </user>
    <configDir>C:\example-source\LoaderUI\loaderui\distribution/config</configDir>
    <logFile>C:\example-source\LoaderUI\loaderui\distribution/config/log.txt</logFile>
</App>
